{
  "project_info": {
    "project_number": "404083870658",
    "project_id": "phototty-885dd",
    "storage_bucket": "phototty-885dd.firebasestorage.app"
  },
  "client": [
    {
      "client_info": {
        "mobilesdk_app_id": "1:404083870658:android:c2c5ecf22a4bd5bdf7a45b",
        "android_client_info": {
          "package_name": "com.example.phototty"
        }
      },
      "oauth_client": [],
      "api_key": [
        {
          "current_key": "AIzaSyDNrP228EJMzPFxmfJexAacerzu_Rt1D2w"
        }
      ],
      "services": {
        "appinvite_service": {
          "other_platform_oauth_client": []
        }
      }
    }
  ],
  "configuration_version": "1"
}